{"cameraMode":{"drawMode":0,"name":"Shaded","section":"Shading Mode"},"sceneLighting":true,"audioPlay":false,"sceneViewState":{"m_AlwaysRefresh":false,"showFog":true,"showSkybox":true,"showFlares":true,"showImageEffects":true,"showParticleSystems":true,"showVisualEffectGraphs":true,"m_FxEnabled":true},"in2DMode":false,"pivot":{"x":-0.3402674198150635,"y":1.791074514389038,"z":-1.6787844896316529},"rotation":{"x":0.06894402205944061,"y":-0.005985688883811235,"z":0.00041366886580362916,"w":0.9976025223731995},"size":5.524039268493652,"orthographic":true}